,num_qubits,depth,time
0,2,10,0.2940499782562256
1,2,20,0.2940499782562256
2,2,30,0.2940499782562256
3,3,10,0.2940499782562256
4,3,20,0.2940499782562256
5,3,30,0.2940499782562256
6,4,10,0.2940499782562256
7,4,20,0.2940499782562256
8,4,30,0.2940499782562256
9,5,10,0.2940499782562256
10,5,20,0.2940499782562256
11,5,30,0.2940499782562256
12,6,10,0.2940499782562256
13,6,20,0.2940499782562256
14,6,30,0.2940499782562256
